Order ID,Order Date,Customer ID,Product ID,Quantity,Discount,Sales,Profit
ORD00001,2023-07-10,CUST0102,PROD0002,5,0.02,331093,55944.2
ORD00002,2026-04-06,CUST0032,PROD0020,6,0.08,80978.4,16338.53
ORD00003,2026-02-01,CUST0045,PROD0028,6,0.05,174876,41030.82
ORD00004,2024-05-29,CUST0035,PROD0020,4,0,58680,14005.89
ORD00005,2026-01-02,CUST0041,PROD0008,3,0.02,164992.8,21053.84
ORD00006,2026-04-22,CUST0062,PROD0018,5,0,73900,19448.87
ORD00007,2025-01-09,CUST0038,PROD0015,3,0.05,11001,914.32
ORD00008,2024-07-15,CUST0069,PROD0009,1,0,20280,4091.27
ORD00009,2026-07-30,CUST0090,PROD0009,8,0,162240,44129.01
ORD00010,2025-08-19,CUST0074,PROD0019,8,0.08,115993.6,17973.82
ORD00011,2025-09-05,CUST0007,PROD0017,2,0.2,9184,866.75
ORD00012,2026-03-27,CUST0063,PROD0005,1,0.02,43002.4,4851.68
ORD00013,2023-06-24,CUST0073,PROD0020,4,0,58680,11898.9
ORD00014,2026-05-05,CUST0054,PROD0039,4,0.2,2272,442.96
ORD00015,2024-08-31,CUST0058,PROD0029,7,0.05,280364,57502.23
ORD00016,2023-07-23,CUST0008,PROD0040,4,0.15,816,103.16
ORD00017,2023-11-18,CUST0085,PROD0006,4,0.02,131320,26452.88
ORD00018,2025-04-16,CUST0021,PROD0001,8,0.15,651916,137318.58
ORD00019,2024-04-19,CUST0038,PROD0003,5,0.15,309570,44020.25
ORD00020,2023-05-26,CUST0111,PROD0030,4,0.05,189012,47880.93
ORD00021,2024-02-10,CUST0081,PROD0038,7,0,5740,1146.87
ORD00022,2024-06-28,CUST0083,PROD0010,3,0,130770,12177.35
ORD00023,2026-05-03,CUST0102,PROD0020,5,0.08,67482,7244.72
ORD00024,2025-04-04,CUST0089,PROD0020,5,0.1,66015,13123.51
ORD00025,2026-05-09,CUST0057,PROD0006,1,0.08,30820,7446.03
ORD00026,2023-02-22,CUST0078,PROD0017,2,0.02,11250.4,3280.85
ORD00027,2026-04-17,CUST0108,PROD0037,1,0.2,376,85.69
ORD00028,2023-03-24,CUST0035,PROD0037,3,0.08,1297.2,251.88
ORD00029,2024-01-07,CUST0057,PROD0018,7,0.15,87941,22788.49
ORD00030,2024-12-13,CUST0012,PROD0031,7,0.05,76076,11459.54
ORD00031,2024-11-06,CUST0014,PROD0011,7,0.15,189686,35851.26
ORD00032,2026-01-31,CUST0085,PROD0026,1,0.08,4793.2,476.32
ORD00033,2023-08-26,CUST0033,PROD0021,7,0.2,76776,14833.98
ORD00034,2026-01-16,CUST0001,PROD0043,8,0.08,1324.8,121.78
ORD00035,2026-06-29,CUST0067,PROD0024,8,0.15,209780,37183.3
ORD00036,2024-06-30,CUST0007,PROD0014,3,0.05,7324.5,1291.94
ORD00037,2023-09-06,CUST0090,PROD0032,1,0.15,4666.5,998.41
ORD00038,2023-11-21,CUST0031,PROD0046,5,0.1,15885,1318.59
ORD00039,2024-04-05,CUST0053,PROD0006,2,0.08,61640,17774.1
ORD00040,2025-10-17,CUST0083,PROD0010,5,0.1,196155,46133.8
ORD00041,2025-08-25,CUST0054,PROD0031,4,0.08,42099.2,8473.66
ORD00042,2026-05-12,CUST0050,PROD0013,3,0.2,8976,855.94
ORD00043,2024-11-27,CUST0099,PROD0027,5,0.2,65360,5265.69
ORD00044,2026-04-17,CUST0093,PROD0020,8,0.2,93888,10580.33
ORD00045,2024-12-07,CUST0069,PROD0031,6,0.1,61776,15310.07
ORD00046,2024-10-21,CUST0049,PROD0030,4,0.15,169116,22414.16
ORD00047,2025-04-21,CUST0050,PROD0015,1,0.05,3667,894.14
ORD00048,2025-03-01,CUST0091,PROD0025,3,0.08,43138.8,12607.81
ORD00049,2026-04-23,CUST0017,PROD0033,6,0.2,93456,9540.01
ORD00050,2023-07-24,CUST0109,PROD0029,8,0,337280,80588.89
ORD00051,2023-11-13,CUST0053,PROD0042,2,0.08,1048.8,264.23
ORD00052,2026-06-30,CUST0034,PROD0022,7,0.15,163446.5,15963.72
ORD00053,2025-12-28,CUST0043,PROD0044,7,0.05,1795.5,391.23
ORD00054,2025-09-26,CUST0114,PROD0049,1,0.1,4797,455.97
ORD00055,2024-08-11,CUST0081,PROD0044,4,0.15,918,91.69
ORD00056,2026-07-21,CUST0013,PROD0049,2,0.08,9807.2,1143.52
ORD00057,2023-04-05,CUST0039,PROD0002,6,0.2,324336,29951.21
ORD00058,2025-06-01,CUST0046,PROD0024,3,0.02,90699,17854.7
ORD00059,2024-01-04,CUST0073,PROD0044,3,0.02,793.8,77.29
ORD00060,2026-06-23,CUST0112,PROD0025,4,0.08,57518.4,16152.45
ORD00061,2025-08-02,CUST0019,PROD0015,5,0.08,17756,2417.87
ORD00062,2024-08-12,CUST0002,PROD0030,3,0,149220,26438.88
ORD00063,2024-09-04,CUST0045,PROD0038,7,0.15,4879,658.77
ORD00064,2024-02-12,CUST0109,PROD0020,7,0.2,82152,15305.39
ORD00065,2026-03-17,CUST0031,PROD0025,6,0.1,84402,12246.05
ORD00066,2023-02-14,CUST0090,PROD0019,7,0.05,104804,8571.03
ORD00067,2023-04-11,CUST0111,PROD0044,8,0.2,1728,481.96
ORD00068,2026-05-28,CUST0037,PROD0015,6,0.02,22696.8,4994.57
ORD00069,2026-09-12,CUST0080,PROD0017,3,0.15,14637,1483.84
ORD00070,2023-03-22,CUST0081,PROD0042,5,0.2,2280,403.52
ORD00071,2023-09-27,CUST0075,PROD0024,2,0.05,58615,8902.34
ORD00072,2024-02-16,CUST0054,PROD0012,3,0.2,93192,18514.43
ORD00073,2025-10-24,CUST0047,PROD0034,5,0.2,640,74.37
ORD00074,2024-08-27,CUST0117,PROD0031,6,0.2,54912,5784.28
ORD00075,2024-04-07,CUST0010,PROD0010,7,0.2,244104,62736.99
ORD00076,2025-03-19,CUST0047,PROD0006,1,0.05,31825,6302.81
ORD00077,2024-06-20,CUST0059,PROD0024,7,0.2,172760,38090.27
ORD00078,2024-04-23,CUST0048,PROD0007,8,0,459840,99463.53
ORD00079,2026-06-03,CUST0072,PROD0021,4,0.15,46614,4377.42
ORD00080,2024-09-10,CUST0106,PROD0030,7,0,348180,38561.26
ORD00081,2025-10-05,CUST0005,PROD0020,2,0,29340,3862.79
ORD00082,2025-03-06,CUST0069,PROD0009,8,0.05,154128,35065.19
ORD00083,2026-01-11,CUST0096,PROD0045,7,0.1,21357,5196.14
ORD00084,2026-09-03,CUST0020,PROD0027,2,0.2,26144,4906.09
ORD00085,2023-03-09,CUST0053,PROD0018,6,0.02,86906.4,15429.73
ORD00086,2023-07-23,CUST0031,PROD0024,6,0.1,166590,46374.19
ORD00087,2023-05-05,CUST0083,PROD0023,7,0.05,96558,11756.7
ORD00088,2023-07-07,CUST0016,PROD0030,4,0.15,169116,37321.95
ORD00089,2024-11-14,CUST0003,PROD0004,4,0.02,138572,35077.45
ORD00090,2026-02-09,CUST0027,PROD0005,4,0.1,157968,20142.39
ORD00091,2024-11-03,CUST0112,PROD0015,3,0.2,9264,2576.47
ORD00092,2023-10-24,CUST0001,PROD0018,3,0.1,39906,5393.05
ORD00093,2026-09-15,CUST0023,PROD0008,1,0.02,54997.6,4579.61
ORD00094,2026-04-20,CUST0102,PROD0016,6,0,104520,12368.29
ORD00095,2025-05-12,CUST0007,PROD0009,2,0.15,34476,3240.15
ORD00096,2025-11-17,CUST0058,PROD0024,2,0.08,56764,10833.1
ORD00097,2026-09-11,CUST0079,PROD0003,5,0.08,335064,74228.39
ORD00098,2025-09-07,CUST0004,PROD0004,7,0.08,227654,52574.74
ORD00099,2025-06-27,CUST0063,PROD0046,2,0,7060,1065.1
ORD00100,2023-09-16,CUST0019,PROD0005,5,0.1,197460,43298.41
ORD00101,2024-10-27,CUST0071,PROD0046,7,0.1,22239,4374.91
ORD00102,2026-05-24,CUST0059,PROD0033,7,0,136290,34683.23
ORD00103,2026-08-26,CUST0015,PROD0042,4,0.08,2097.6,376.19
ORD00104,2024-11-25,CUST0030,PROD0027,8,0.08,120262.4,20627.13
ORD00105,2025-05-24,CUST0013,PROD0021,6,0.15,69921,9514.55
ORD00106,2025-08-29,CUST0020,PROD0044,2,0,540,142.01
ORD00107,2023-07-17,CUST0012,PROD0028,6,0.2,147264,15996.61
ORD00108,2026-02-24,CUST0008,PROD0038,6,0.15,4182,447.02
ORD00109,2025-05-16,CUST0046,PROD0043,1,0.05,171,36.27
ORD00110,2026-03-29,CUST0046,PROD0007,4,0.02,225321.6,50580.64
ORD00111,2024-12-18,CUST0029,PROD0007,6,0,344880,85452.03
ORD00112,2025-05-28,CUST0074,PROD0015,1,0.1,3474,988
ORD00113,2024-07-01,CUST0107,PROD0045,1,0.02,3322.2,465.5
ORD00114,2024-11-26,CUST0098,PROD0020,6,0,88020,10554.41
ORD00115,2026-09-08,CUST0019,PROD0037,7,0,3290,365.89
ORD00116,2023-07-07,CUST0082,PROD0002,4,0.08,248657.6,42859.41
ORD00117,2025-01-27,CUST0044,PROD0011,5,0.15,135490,20508.34
ORD00118,2023-06-23,CUST0073,PROD0039,1,0.02,695.8,79.76
ORD00119,2023-06-17,CUST0080,PROD0004,5,0.08,162610,36689.13
ORD00120,2025-06-24,CUST0063,PROD0039,7,0.05,4721.5,601.64
ORD00121,2024-12-07,CUST0066,PROD0008,7,0,392840,55906.72
ORD00122,2025-09-23,CUST0087,PROD0038,5,0,4100,526.91
ORD00123,2023-01-16,CUST0077,PROD0004,4,0.05,134330,38683.18
ORD00124,2024-06-07,CUST0099,PROD0009,5,0.05,96330,10249.18
ORD00125,2025-05-31,CUST0064,PROD0048,3,0.02,10437,1707.97
ORD00126,2025-10-21,CUST0091,PROD0015,6,0,23160,3875.96
ORD00127,2025-06-12,CUST0095,PROD0003,1,0.08,67012.8,18941.55
ORD00128,2026-03-25,CUST0111,PROD0021,7,0.1,86373,14594.71
ORD00129,2024-08-15,CUST0082,PROD0027,2,0.08,30065.6,2543.2
ORD00130,2026-06-19,CUST0042,PROD0011,8,0.2,204032,47277.11
ORD00131,2025-06-13,CUST0047,PROD0006,2,0.02,65660,11546.23
ORD00132,2023-06-11,CUST0052,PROD0034,7,0.2,896,132.84
ORD00133,2024-11-13,CUST0044,PROD0015,3,0,11580,2226.91
ORD00134,2025-11-10,CUST0015,PROD0034,4,0.2,512,80.31
ORD00135,2023-10-30,CUST0094,PROD0042,4,0,2280,255.86
ORD00136,2026-05-18,CUST0026,PROD0012,3,0.2,93192,23019.68
ORD00137,2026-07-10,CUST0010,PROD0012,8,0.08,285788.8,70297.78
ORD00138,2025-07-08,CUST0098,PROD0038,6,0.2,3936,1155.66
ORD00139,2025-06-19,CUST0041,PROD0010,2,0.08,80205.6,14219.31
ORD00140,2026-04-26,CUST0039,PROD0018,1,0.05,14041,2690.45
ORD00141,2025-07-14,CUST0040,PROD0030,1,0,49740,8014.22
ORD00142,2026-08-13,CUST0037,PROD0005,2,0.1,78984,16641.74
ORD00143,2026-04-03,CUST0050,PROD0030,1,0.08,45760.8,12812.61
ORD00144,2024-01-21,CUST0074,PROD0042,6,0.1,3078,568.32
ORD00145,2025-07-11,CUST0020,PROD0004,2,0.2,56560,15712.82
ORD00146,2023-06-22,CUST0044,PROD0046,3,0,10590,1424.39
ORD00147,2025-12-09,CUST0057,PROD0029,3,0.05,120156,19468.57
ORD00148,2025-04-17,CUST0037,PROD0025,6,0.15,79713,16862.08
ORD00149,2026-08-18,CUST0102,PROD0041,6,0,660,100.67
ORD00150,2025-03-02,CUST0072,PROD0044,5,0.05,1282.5,306.8
ORD00151,2023-11-04,CUST0085,PROD0039,6,0,4260,886.94
ORD00152,2024-09-27,CUST0019,PROD0023,7,0.02,99607.2,21008.06
ORD00153,2026-02-18,CUST0011,PROD0020,7,0.15,87286.5,22185.23
ORD00154,2025-12-14,CUST0105,PROD0009,2,0.15,34476,7843.3
ORD00155,2023-02-07,CUST0066,PROD0024,6,0.05,175845,21041.23
ORD00156,2025-09-22,CUST0028,PROD0022,4,0.02,107682.4,32304.17
ORD00157,2024-08-28,CUST0020,PROD0005,2,0.1,78984,19713.81
ORD00158,2025-12-14,CUST0107,PROD0048,1,0.15,3017.5,464.96
ORD00159,2023-09-26,CUST0099,PROD0040,7,0.02,1646.4,190.48
ORD00160,2026-07-03,CUST0107,PROD0045,3,0.15,8644.5,1523.92
ORD00161,2024-05-01,CUST0053,PROD0024,8,0.1,222120,31693
ORD00162,2024-04-24,CUST0096,PROD0029,4,0.05,160208,46849.83
ORD00163,2024-02-02,CUST0101,PROD0031,6,0.15,58344,16824.58
ORD00164,2024-07-31,CUST0057,PROD0030,7,0.1,313362,61431.85
ORD00165,2026-05-23,CUST0021,PROD0013,3,0.2,8976,1211.77
ORD00166,2025-01-30,CUST0083,PROD0031,2,0.15,19448,5175.04
ORD00167,2024-08-06,CUST0109,PROD0008,2,0.2,89792,10350.21
ORD00168,2023-10-29,CUST0058,PROD0033,7,0,136290,39280.27
ORD00169,2024-12-16,CUST0029,PROD0029,1,0.08,38787.2,3557.43
ORD00170,2024-04-27,CUST0065,PROD0024,7,0,215950,35087.73
ORD00171,2023-07-22,CUST0004,PROD0021,6,0.2,65808,7379.11
ORD00172,2025-08-25,CUST0005,PROD0019,3,0.2,37824,8896.88
ORD00173,2023-01-11,CUST0058,PROD0040,2,0,480,65.43
ORD00174,2026-01-28,CUST0107,PROD0010,7,0,305130,76513.78
ORD00175,2023-09-07,CUST0031,PROD0020,1,0.02,14376.6,2477.97
ORD00176,2025-07-25,CUST0102,PROD0040,2,0,480,126.75
ORD00177,2026-01-02,CUST0064,PROD0039,1,0.15,603.5,116.71
ORD00178,2023-10-22,CUST0031,PROD0046,5,0.08,16238,1304.63
ORD00179,2026-03-14,CUST0046,PROD0016,7,0.02,119501.2,27026.59
ORD00180,2025-01-08,CUST0011,PROD0034,2,0.1,288,57.51
ORD00181,2026-02-08,CUST0101,PROD0033,1,0.08,17912.4,4874.55
ORD00182,2025-03-03,CUST0006,PROD0041,6,0.05,627,153.24
ORD00183,2024-12-07,CUST0046,PROD0005,4,0.15,149192,33503
ORD00184,2024-11-11,CUST0014,PROD0038,3,0,2460,387.46
ORD00185,2023-12-25,CUST0044,PROD0042,8,0.15,3876,718.13
ORD00186,2023-05-10,CUST0024,PROD0009,8,0,162240,23452.99
ORD00187,2023-03-27,CUST0006,PROD0013,6,0.05,21318,4122.57
ORD00188,2025-08-27,CUST0105,PROD0035,5,0,850,208.87
ORD00189,2025-01-01,CUST0025,PROD0019,1,0.2,12608,2827.48
ORD00190,2025-01-23,CUST0035,PROD0008,7,0.08,361412.8,88014.03
ORD00191,2024-11-25,CUST0115,PROD0025,3,0.08,43138.8,10019.2
ORD00192,2024-06-30,CUST0048,PROD0034,2,0.15,272,47.16
ORD00193,2024-01-05,CUST0056,PROD0039,5,0.05,3372.5,345.92
ORD00194,2024-08-28,CUST0042,PROD0043,5,0.08,828,176.01
ORD00195,2025-06-28,CUST0055,PROD0011,6,0.08,175977.6,15717.99
ORD00196,2026-06-13,CUST0112,PROD0023,7,0.05,96558,21308.73
ORD00197,2023-06-03,CUST0102,PROD0004,7,0.05,235077.5,45341.5
ORD00198,2023-11-24,CUST0096,PROD0044,1,0.02,264.6,70.57
ORD00199,2023-03-13,CUST0087,PROD0029,3,0,126480,16685.11
ORD00200,2025-01-11,CUST0083,PROD0024,7,0.1,194355,16933.13
ORD00201,2025-07-10,CUST0020,PROD0044,6,0.05,1539,273.43
ORD00202,2023-10-09,CUST0010,PROD0037,6,0.08,2594.4,386.99
ORD00203,2023-08-21,CUST0036,PROD0016,1,0.15,14807,1790.62
ORD00204,2026-02-24,CUST0067,PROD0025,2,0.05,29697,7438.87
ORD00205,2024-03-15,CUST0091,PROD0029,5,0.15,179180,50461.63
ORD00206,2023-09-09,CUST0063,PROD0013,3,0.2,8976,864.31
ORD00207,2025-06-30,CUST0023,PROD0046,2,0.2,5648,1299.18
ORD00208,2024-12-12,CUST0109,PROD0021,2,0.1,24678,4917.78
ORD00209,2023-11-19,CUST0115,PROD0020,3,0.2,35208,5616.67
ORD00210,2024-02-16,CUST0029,PROD0008,3,0.02,164992.8,41888.71
ORD00211,2026-02-08,CUST0004,PROD0024,6,0.08,170292,43731.94
ORD00212,2026-06-07,CUST0071,PROD0009,2,0,40560,6004.66
ORD00213,2025-09-07,CUST0092,PROD0047,7,0.2,4928,838.13
ORD00214,2023-09-14,CUST0074,PROD0005,6,0.15,223788,21554.43
ORD00215,2025-11-25,CUST0060,PROD0044,6,0.02,1587.6,433.65
ORD00216,2026-08-03,CUST0100,PROD0036,3,0.2,1008,294.92
ORD00217,2023-04-24,CUST0056,PROD0033,2,0.1,35046,3983.45
ORD00218,2024-10-22,CUST0022,PROD0011,4,0.05,121144,34943.54
ORD00219,2023-06-11,CUST0067,PROD0019,5,0.02,77224,16967.08
ORD00220,2023-09-14,CUST0071,PROD0018,5,0.1,66510,13126.76
ORD00221,2023-12-12,CUST0065,PROD0042,3,0.02,1675.8,376.92
ORD00222,2024-11-22,CUST0093,PROD0039,1,0.2,568,153.38
ORD00223,2026-08-06,CUST0011,PROD0003,5,0.15,309570,39122.79
ORD00224,2026-06-19,CUST0074,PROD0027,1,0.08,15032.8,4142.73
ORD00225,2026-08-07,CUST0070,PROD0019,5,0.08,72496,9705.27
ORD00226,2025-04-11,CUST0104,PROD0044,5,0.08,1242,119.3
ORD00227,2025-06-19,CUST0008,PROD0011,7,0.08,205307.2,37402.31
ORD00228,2023-10-22,CUST0044,PROD0039,6,0.2,3408,811.24
ORD00229,2025-03-27,CUST0094,PROD0023,3,0.2,34848,5628.61
ORD00230,2024-10-15,CUST0072,PROD0007,4,0.08,211526.4,22623.77
ORD00231,2023-10-16,CUST0058,PROD0016,2,0,34840,5011.62
ORD00232,2025-05-06,CUST0050,PROD0040,4,0.2,768,213.89
ORD00233,2026-03-29,CUST0105,PROD0021,6,0.02,80614.8,19983.34
ORD00234,2025-08-14,CUST0064,PROD0033,8,0.05,147972,28029.07
ORD00235,2025-11-01,CUST0012,PROD0026,8,0.02,40846.4,5201.04
ORD00236,2023-04-14,CUST0046,PROD0004,5,0.08,162610,34384.56
ORD00237,2025-08-21,CUST0108,PROD0042,5,0.1,2565,209.81
ORD00238,2023-10-02,CUST0014,PROD0028,5,0.15,130390,20923.82
ORD00239,2023-04-03,CUST0052,PROD0024,7,0,215950,44369.51
ORD00240,2026-02-07,CUST0025,PROD0024,5,0,154250,25450.75
ORD00241,2026-01-31,CUST0058,PROD0049,5,0.2,21320,6344.83
ORD00242,2023-09-01,CUST0088,PROD0040,3,0,720,119.99
ORD00243,2026-02-16,CUST0102,PROD0022,6,0.2,131856,14733.43
ORD00244,2025-04-02,CUST0078,PROD0033,1,0,19470,1724.28
ORD00245,2025-08-28,CUST0092,PROD0022,8,0.02,215364.8,45953.96
ORD00246,2024-11-02,CUST0066,PROD0009,6,0.02,119246.4,19848.56
ORD00247,2024-09-04,CUST0079,PROD0048,6,0.1,19170,5026.83
ORD00248,2026-02-26,CUST0069,PROD0032,5,0.08,25254,6552.52
ORD00249,2023-08-13,CUST0048,PROD0022,7,0.1,173061,25559.23
ORD00250,2026-07-12,CUST0116,PROD0047,1,0.1,792,146.05
ORD00251,2026-03-28,CUST0084,PROD0038,4,0.15,2788,254.54
ORD00252,2025-12-09,CUST0062,PROD0011,7,0.02,218696.8,57028.58
ORD00253,2026-03-18,CUST0032,PROD0003,2,0.02,142766.4,12016.11
ORD00254,2023-11-07,CUST0041,PROD0027,7,0.15,97223,12138.89
ORD00255,2025-08-23,CUST0065,PROD0040,1,0.15,204,22.52
ORD00256,2024-10-27,CUST0027,PROD0036,8,0.1,3024,492.61
ORD00257,2025-12-27,CUST0023,PROD0030,6,0.1,268596,42422.89
ORD00258,2026-08-10,CUST0099,PROD0047,5,0.1,3960,738.62
ORD00259,2026-02-16,CUST0032,PROD0018,5,0.02,72422,20794.3
ORD00260,2024-02-29,CUST0039,PROD0019,8,0.05,119776,22225.25
ORD00261,2024-07-14,CUST0072,PROD0047,5,0,4400,907.13
ORD00262,2025-03-19,CUST0070,PROD0025,6,0.2,75024,19282.33
ORD00263,2024-08-12,CUST0038,PROD0003,2,0.05,138396,39205.11
ORD00264,2025-09-08,CUST0084,PROD0017,4,0.02,22500.8,5898.57
ORD00265,2024-07-10,CUST0035,PROD0036,3,0,1260,271.47
ORD00266,2024-05-11,CUST0076,PROD0016,1,0.15,14807,4133.23
ORD00267,2024-04-21,CUST0029,PROD0041,1,0,110,18.8
ORD00268,2023-07-25,CUST0092,PROD0031,3,0,34320,10028.1
ORD00269,2025-04-13,CUST0119,PROD0011,8,0.08,234636.8,52351.81
ORD00270,2024-10-19,CUST0097,PROD0019,5,0.15,66980,6230.2
ORD00271,2026-08-28,CUST0099,PROD0006,4,0.1,120600,29246.83
ORD00272,2023-12-25,CUST0109,PROD0003,7,0.2,407904,48407.4
ORD00273,2025-03-24,CUST0118,PROD0003,8,0.02,571065.6,163355.56
ORD00274,2023-03-18,CUST0112,PROD0019,1,0.05,14972,3068.54
ORD00275,2024-08-05,CUST0014,PROD0022,8,0.15,186796,37270.68
ORD00276,2025-10-29,CUST0064,PROD0009,8,0.05,154128,18868.12
ORD00277,2023-11-29,CUST0015,PROD0022,8,0.15,186796,25516.01
ORD00278,2024-11-21,CUST0024,PROD0001,5,0.1,431415,98521.49
ORD00279,2026-06-05,CUST0025,PROD0012,7,0.2,217448,37856.55
ORD00280,2025-03-31,CUST0042,PROD0006,2,0.02,65660,19433.44
ORD00281,2024-05-23,CUST0062,PROD0021,1,0.05,13024.5,2141.05
ORD00282,2024-06-30,CUST0058,PROD0049,6,0.05,30381,6323.54
ORD00283,2024-06-19,CUST0074,PROD0001,6,0.15,488937,64533.12
ORD00284,2025-08-11,CUST0086,PROD0008,5,0.02,274988,46525.67
ORD00285,2024-09-28,CUST0065,PROD0046,2,0.15,6001,1689.57
ORD00286,2026-06-12,CUST0038,PROD0024,4,0.02,120932,35145.18
ORD00287,2025-07-20,CUST0062,PROD0010,6,0.08,240616.8,56407.06
ORD00288,2026-01-05,CUST0117,PROD0031,4,0.2,36608,4921.67
ORD00289,2023-06-17,CUST0097,PROD0039,8,0.1,5112,1200.44
ORD00290,2023-08-18,CUST0010,PROD0037,1,0.2,376,75.38
ORD00291,2026-03-18,CUST0065,PROD0013,3,0.02,10995.6,1673.38
ORD00292,2023-08-27,CUST0067,PROD0029,4,0.15,143344,29857.48
ORD00293,2025-07-01,CUST0012,PROD0033,1,0.08,17912.4,1952.95
ORD00294,2026-02-28,CUST0054,PROD0030,1,0.1,44766,8135.02
ORD00295,2023-02-14,CUST0104,PROD0020,7,0.05,97555.5,25327.33
ORD00296,2026-03-30,CUST0096,PROD0014,2,0,5140,890.32
ORD00297,2026-01-13,CUST0090,PROD0005,1,0,43880,13030.17
ORD00298,2024-08-10,CUST0061,PROD0003,7,0.02,499682.4,124507.79
ORD00299,2026-08-15,CUST0099,PROD0042,7,0.05,3790.5,1131.19
ORD00300,2025-02-12,CUST0049,PROD0029,7,0,295120,67936.82
ORD00301,2023-09-30,CUST0085,PROD0035,6,0,1020,121.65
ORD00302,2025-12-19,CUST0069,PROD0026,3,0.15,13285.5,3923.47
ORD00303,2023-02-16,CUST0107,PROD0001,5,0.08,441002,100623.41
ORD00304,2025-12-25,CUST0070,PROD0028,7,0.2,171808,22425.43
ORD00305,2023-11-14,CUST0059,PROD0023,5,0.02,71148,20364.71
ORD00306,2023-08-20,CUST0093,PROD0049,1,0.2,4264,960.44
ORD00307,2024-05-07,CUST0079,PROD0002,4,0,270280,27621.88
ORD00308,2026-05-09,CUST0005,PROD0029,1,0.02,41316.8,10036.64
ORD00309,2024-04-24,CUST0052,PROD0029,4,0.2,134912,36429.03
ORD00310,2025-10-28,CUST0008,PROD0009,5,0.02,99372,25784.35
ORD00311,2024-10-15,CUST0094,PROD0037,6,0.02,2763.6,404.56
ORD00312,2025-12-03,CUST0019,PROD0043,4,0.08,662.4,96.78
ORD00313,2026-04-26,CUST0008,PROD0036,3,0.15,1071,245.61
ORD00314,2023-04-07,CUST0072,PROD0032,6,0.15,27999,6375.24
ORD00315,2024-10-14,CUST0101,PROD0034,7,0.08,1030.4,116.26
ORD00316,2026-01-06,CUST0049,PROD0012,8,0.02,304427.2,81237.92
ORD00317,2023-10-23,CUST0039,PROD0046,8,0,28240,5753.19
ORD00318,2025-12-21,CUST0054,PROD0036,3,0.08,1159.2,154.67
ORD00319,2026-08-17,CUST0027,PROD0022,2,0.08,50544.8,13463.59
ORD00320,2024-01-26,CUST0012,PROD0035,1,0.05,161.5,26.32
ORD00321,2023-03-22,CUST0078,PROD0039,2,0.02,1391.6,357.67
ORD00322,2026-02-18,CUST0076,PROD0047,4,0.08,3238.4,407.89
ORD00323,2024-09-12,CUST0117,PROD0022,1,0.02,26920.6,7704.01
ORD00324,2025-09-07,CUST0095,PROD0008,4,0.15,190808,40636.06
ORD00325,2024-05-05,CUST0027,PROD0026,6,0.2,25008,3557.96
ORD00326,2026-08-21,CUST0060,PROD0035,6,0.05,969,133.28
ORD00327,2025-08-12,CUST0066,PROD0032,2,0.2,8784,2599.1
ORD00328,2024-10-17,CUST0061,PROD0049,4,0.05,20254,3014.66
ORD00329,2024-03-29,CUST0006,PROD0037,3,0,1410,193.69
ORD00330,2026-04-01,CUST0120,PROD0038,7,0.05,5453,619.08
ORD00331,2025-02-16,CUST0043,PROD0015,4,0.08,14204.8,2857.17
ORD00332,2024-06-11,CUST0088,PROD0022,8,0.15,186796,41314.19
ORD00333,2023-12-11,CUST0063,PROD0030,6,0.02,292471.2,32403.14
ORD00334,2024-01-12,CUST0070,PROD0032,1,0.1,4941,432.05
ORD00335,2023-04-10,CUST0109,PROD0005,1,0.08,40369.6,4450.67
ORD00336,2023-05-20,CUST0081,PROD0015,3,0,11580,1483.61
ORD00337,2023-05-04,CUST0059,PROD0024,8,0.15,209780,39297.66
ORD00338,2026-02-03,CUST0001,PROD0035,7,0,1190,99.58
ORD00339,2026-01-02,CUST0093,PROD0018,5,0,73900,14077.03
ORD00340,2025-05-31,CUST0090,PROD0044,3,0,810,228.4
ORD00341,2024-05-08,CUST0068,PROD0010,4,0.1,156924,30728.91
ORD00342,2024-07-01,CUST0105,PROD0023,7,0,101640,16472.93
ORD00343,2026-03-03,CUST0052,PROD0030,4,0.15,169116,21932.42
ORD00344,2026-08-31,CUST0088,PROD0006,1,0,33500,5666.9
ORD00345,2025-09-01,CUST0049,PROD0036,1,0.15,357,29.3
ORD00346,2025-10-20,CUST0022,PROD0006,7,0.15,199325,50342.08
ORD00347,2025-12-17,CUST0073,PROD0007,1,0.02,56330.4,7126.46
ORD00348,2026-03-06,CUST0112,PROD0045,8,0.05,25764,2325.04
ORD00349,2024-07-28,CUST0010,PROD0044,1,0.02,264.6,75.23
ORD00350,2024-02-29,CUST0041,PROD0002,3,0.2,162168,42253.19
ORD00351,2023-06-07,CUST0106,PROD0026,5,0.02,25529,5209.72
ORD00352,2026-01-12,CUST0073,PROD0025,6,0.08,86277.6,21244.48
ORD00353,2023-06-10,CUST0018,PROD0045,6,0,20340,2064.32
ORD00354,2024-11-28,CUST0030,PROD0005,7,0.2,245728,37302.21
ORD00355,2025-07-11,CUST0082,PROD0018,8,0.02,115875.2,18340.55
ORD00356,2024-01-16,CUST0049,PROD0028,7,0,214760,53663.55
ORD00357,2023-05-31,CUST0038,PROD0016,2,0.05,33098,3770.81
ORD00358,2023-11-12,CUST0092,PROD0041,7,0.05,731.5,116.57
ORD00359,2024-09-23,CUST0012,PROD0001,8,0.05,728612,180328.72
ORD00360,2023-06-28,CUST0014,PROD0009,3,0.08,55972.8,10004.89
ORD00361,2025-04-15,CUST0072,PROD0033,2,0,38940,3882.95
ORD00362,2026-05-07,CUST0071,PROD0006,6,0.2,160800,26492.18
ORD00363,2025-03-05,CUST0038,PROD0027,2,0.15,27778,7729.23
ORD00364,2026-03-17,CUST0116,PROD0016,3,0.15,44421,7274.43
ORD00365,2024-09-08,CUST0018,PROD0018,5,0.08,67988,7621.84
ORD00366,2024-07-19,CUST0022,PROD0028,7,0.05,204022,38056.41
ORD00367,2024-05-30,CUST0010,PROD0024,4,0.15,104890,22814.35
ORD00368,2024-02-05,CUST0077,PROD0040,8,0,1920,210.83
ORD00369,2024-11-11,CUST0001,PROD0026,7,0.2,29176,7868.29
ORD00370,2025-05-31,CUST0057,PROD0022,3,0.05,78289.5,11786.2
ORD00371,2025-09-08,CUST0089,PROD0013,6,0.02,21991.2,6425.97
ORD00372,2026-07-20,CUST0041,PROD0019,8,0.1,113472,28598.84
ORD00373,2024-07-28,CUST0042,PROD0025,7,0.05,103939.5,10919.4
ORD00374,2026-04-27,CUST0073,PROD0013,3,0.15,9537,2373.53
ORD00375,2025-08-03,CUST0004,PROD0047,4,0.08,3238.4,827.38
ORD00376,2023-05-22,CUST0107,PROD0045,7,0.15,20170.5,3829.3
ORD00377,2024-05-10,CUST0082,PROD0020,5,0.15,62347.5,7102.1
ORD00378,2023-06-01,CUST0055,PROD0025,8,0.1,112536,20867.73
ORD00379,2025-11-03,CUST0052,PROD0035,7,0.1,1071,94.34
ORD00380,2026-01-04,CUST0047,PROD0045,2,0,6780,1689.37
ORD00381,2024-12-28,CUST0085,PROD0043,3,0.15,459,98.59
ORD00382,2026-08-17,CUST0073,PROD0042,7,0.2,3192,488.22
ORD00383,2023-08-05,CUST0102,PROD0028,1,0,30680,4200.78
ORD00384,2025-11-28,CUST0066,PROD0048,4,0.08,13064,2120.37
ORD00385,2026-04-20,CUST0060,PROD0044,3,0.05,769.5,230.46
ORD00386,2024-08-28,CUST0062,PROD0007,7,0,402360,42463.16
ORD00387,2024-12-14,CUST0094,PROD0010,5,0.05,207052.5,37305.31
ORD00388,2025-09-16,CUST0027,PROD0034,6,0.08,883.2,89.62
ORD00389,2025-07-15,CUST0093,PROD0045,6,0,20340,2970.82
ORD00390,2023-08-24,CUST0104,PROD0046,1,0.2,2824,439.07
ORD00391,2023-12-03,CUST0014,PROD0044,4,0.1,972,115.07
ORD00392,2026-02-20,CUST0021,PROD0022,7,0.08,176906.8,23176.25
ORD00393,2024-01-13,CUST0052,PROD0041,3,0.15,280.5,63
ORD00394,2026-06-11,CUST0051,PROD0002,4,0.08,248657.6,52288.89
ORD00395,2024-03-15,CUST0050,PROD0001,4,0.05,364306,89441.35
ORD00396,2026-03-28,CUST0104,PROD0005,2,0.2,70208,19085.02
ORD00397,2024-10-29,CUST0024,PROD0024,4,0.08,113528,11928.4
ORD00398,2025-12-16,CUST0086,PROD0032,6,0.1,29646,4906.43
ORD00399,2023-08-22,CUST0051,PROD0038,6,0.05,4674,1243.35
ORD00400,2024-09-01,CUST0080,PROD0012,2,0.15,66011,7226.13
ORD00401,2024-09-17,CUST0016,PROD0016,2,0.02,34143.2,5535.55
ORD00402,2025-03-06,CUST0019,PROD0033,7,0.1,122661,13533.29
ORD00403,2024-01-16,CUST0050,PROD0028,8,0.15,208624,41354.17
ORD00404,2023-12-21,CUST0118,PROD0042,3,0.08,1573.2,225.82
ORD00405,2025-07-12,CUST0024,PROD0021,1,0.2,10968,1743.79
ORD00406,2023-10-07,CUST0002,PROD0032,4,0.2,17568,2889.37
ORD00407,2026-08-30,CUST0072,PROD0033,8,0.08,143299.2,33049.56
ORD00408,2025-06-28,CUST0054,PROD0046,8,0.02,27675.2,2717.36
ORD00409,2024-03-27,CUST0004,PROD0049,5,0,26650,3743.46
ORD00410,2023-12-11,CUST0069,PROD0019,8,0.1,113472,27613.87
ORD00411,2026-01-30,CUST0099,PROD0032,2,0.1,9882,1038.85
ORD00412,2025-01-21,CUST0100,PROD0035,1,0.2,136,32.39
ORD00413,2025-05-20,CUST0070,PROD0014,2,0.15,4369,1147.37
ORD00414,2024-09-01,CUST0097,PROD0016,1,0.08,16026.4,2208.75
ORD00415,2025-06-18,CUST0111,PROD0006,2,0.2,53600,13861.79
ORD00416,2026-04-19,CUST0027,PROD0048,6,0.2,17040,4027.67
ORD00417,2023-12-06,CUST0081,PROD0028,3,0.2,73632,9237.6
ORD00418,2026-03-13,CUST0027,PROD0004,6,0.1,190890,27075.59
ORD00419,2024-10-24,CUST0069,PROD0011,5,0.05,151430,31194.86
ORD00420,2023-07-15,CUST0110,PROD0033,3,0.2,46728,11815.27
ORD00421,2024-07-21,CUST0118,PROD0004,3,0.15,90142.5,24386.91
ORD00422,2024-10-21,CUST0032,PROD0010,4,0.2,139488,37045.54
ORD00423,2023-10-19,CUST0051,PROD0032,5,0.15,23332.5,3992.88
ORD00424,2026-07-21,CUST0058,PROD0005,2,0.08,80739.2,15617.78
ORD00425,2025-01-25,CUST0036,PROD0045,8,0.08,24950.4,3792.55
ORD00426,2023-07-10,CUST0001,PROD0047,8,0.15,5984,1353.05
ORD00427,2025-12-30,CUST0046,PROD0005,7,0.02,301016.8,88194.4
ORD00428,2025-10-10,CUST0106,PROD0014,5,0.05,12207.5,3201.24
ORD00429,2026-03-29,CUST0044,PROD0036,3,0.1,1134,303.38
ORD00430,2023-04-10,CUST0101,PROD0022,1,0,27470,5981.85
ORD00431,2023-02-03,CUST0108,PROD0030,2,0.2,79584,9132.77
ORD00432,2025-05-26,CUST0059,PROD0001,4,0.15,325958,91290.92
ORD00433,2024-09-10,CUST0113,PROD0042,3,0.2,1368,390.15
ORD00434,2026-09-02,CUST0036,PROD0006,6,0.05,190950,18738.4
ORD00435,2023-12-05,CUST0086,PROD0042,1,0.08,524.4,114.13
ORD00436,2024-04-24,CUST0093,PROD0045,7,0.15,20170.5,2018.34
ORD00437,2024-03-13,CUST0013,PROD0001,8,0,766960,83747.4
ORD00438,2025-06-30,CUST0029,PROD0034,1,0,160,37.29
ORD00439,2025-05-14,CUST0105,PROD0008,3,0.08,154891.2,14804.85
ORD00440,2023-07-29,CUST0050,PROD0006,2,0.05,63650,10238.97
ORD00441,2025-02-22,CUST0039,PROD0009,3,0.15,51714,15433.88
ORD00442,2025-12-22,CUST0019,PROD0005,1,0.1,39492,8806.89
ORD00443,2024-03-12,CUST0057,PROD0023,3,0.08,40075.2,8637.68
ORD00444,2023-06-27,CUST0057,PROD0014,2,0.02,5037.2,1236.82
ORD00445,2025-02-25,CUST0076,PROD0047,6,0.08,4857.6,724.71
ORD00446,2024-07-21,CUST0018,PROD0016,2,0.02,34143.2,6888.3
ORD00447,2026-05-29,CUST0077,PROD0047,5,0.2,3520,1010.53
ORD00448,2024-09-09,CUST0004,PROD0043,4,0.1,648,138.36
ORD00449,2025-03-13,CUST0025,PROD0048,5,0.15,15087.5,1388.13
ORD00450,2025-10-10,CUST0115,PROD0016,7,0,121940,16222.65
ORD00451,2023-05-26,CUST0082,PROD0039,1,0.05,674.5,192.55
ORD00452,2026-03-10,CUST0017,PROD0025,7,0.05,103939.5,20808.52
ORD00453,2025-08-22,CUST0023,PROD0049,2,0,10660,2230.28
ORD00454,2024-03-17,CUST0002,PROD0017,1,0,5740,1657.19
ORD00455,2024-08-09,CUST0051,PROD0033,7,0.08,125386.8,29390.46
ORD00456,2026-01-03,CUST0011,PROD0041,3,0.05,313.5,30.85
ORD00457,2024-02-21,CUST0011,PROD0033,3,0.1,52569,7984.45
ORD00458,2026-08-23,CUST0076,PROD0041,2,0.05,209,48.85
ORD00459,2023-04-29,CUST0094,PROD0016,4,0,69680,19748.57
ORD00460,2026-06-07,CUST0015,PROD0030,1,0.05,47253,10704.58
ORD00461,2023-12-26,CUST0085,PROD0048,2,0,7100,1673.74
ORD00462,2023-12-02,CUST0090,PROD0001,8,0.05,728612,142123.92
ORD00463,2024-06-14,CUST0101,PROD0047,3,0.05,2508,270.68
ORD00464,2023-08-30,CUST0100,PROD0018,1,0.05,14041,3616.45
ORD00465,2023-05-11,CUST0035,PROD0034,5,0.15,680,200.27
ORD00466,2025-10-13,CUST0081,PROD0005,8,0.1,315936,50305.62
ORD00467,2023-12-08,CUST0064,PROD0037,6,0.02,2763.6,376.2
ORD00468,2023-08-25,CUST0014,PROD0037,4,0.15,1598,306.72
ORD00469,2024-05-15,CUST0006,PROD0001,1,0.08,88200.4,14118.66
ORD00470,2024-01-02,CUST0118,PROD0010,1,0.1,39231,10070.03
ORD00471,2026-09-04,CUST0092,PROD0048,7,0.02,24353,3672.35
ORD00472,2024-10-17,CUST0054,PROD0047,5,0.2,3520,341.92
ORD00473,2025-10-25,CUST0048,PROD0008,1,0.02,54997.6,7100.23
ORD00474,2025-04-01,CUST0067,PROD0003,2,0.08,134025.6,36257.56
ORD00475,2024-11-01,CUST0100,PROD0020,2,0.1,26406,4765.86
ORD00476,2024-08-20,CUST0048,PROD0013,5,0.15,15895,3449.18
ORD00477,2026-04-26,CUST0060,PROD0024,8,0.2,197440,49497.2
ORD00478,2024-05-17,CUST0094,PROD0035,3,0,510,145.42
ORD00479,2026-01-14,CUST0004,PROD0015,6,0.15,19686,5211.01
ORD00480,2024-11-17,CUST0113,PROD0001,1,0.2,76696,17226.45
ORD00481,2024-09-21,CUST0109,PROD0048,2,0.02,6958,1367.66
ORD00482,2025-10-04,CUST0031,PROD0027,1,0.02,16013.2,3788.14
ORD00483,2024-04-19,CUST0012,PROD0003,7,0.15,433398,120063.01
ORD00484,2023-06-23,CUST0059,PROD0048,2,0.1,6390,698.89
ORD00485,2023-06-03,CUST0105,PROD0026,1,0.08,4793.2,1082.01
ORD00486,2024-08-20,CUST0017,PROD0016,5,0.2,69680,10403.36
ORD00487,2024-10-30,CUST0103,PROD0026,6,0.08,28759.2,4021.41
ORD00488,2023-10-06,CUST0010,PROD0013,2,0.02,7330.4,756.82
ORD00489,2024-10-05,CUST0058,PROD0030,7,0,348180,68906.01
ORD00490,2025-07-14,CUST0099,PROD0014,5,0.08,11822,1635
ORD00491,2023-11-19,CUST0016,PROD0006,5,0.2,134000,31494.7
ORD00492,2024-03-16,CUST0078,PROD0003,6,0.02,428299.2,42858.55
ORD00493,2025-03-22,CUST0032,PROD0023,1,0.15,12342,1798.78
ORD00494,2023-03-05,CUST0105,PROD0012,7,0.2,217448,39028.49
ORD00495,2024-05-26,CUST0096,PROD0036,2,0.08,772.8,79.15
ORD00496,2023-09-06,CUST0102,PROD0009,1,0,20280,5327.19
ORD00497,2024-02-10,CUST0029,PROD0009,7,0.05,134862,31150.8
ORD00498,2026-04-07,CUST0083,PROD0006,5,0.2,134000,12930.62
ORD00499,2026-08-15,CUST0009,PROD0013,8,0.2,23936,2593.09
ORD00500,2023-09-08,CUST0116,PROD0022,1,0.08,25272.4,2303.33
